"","x"
"1","036191"
"2","036193"
"3","0mb"
"4","1"
"5","10"
"6","11"
"7","1177"
"8","12"
"9","1216"
"10","13"
"11","15"
"12","16"
"13","1618"
"14","1896"
"15","19"
"16","1970"
"17","1971"
"18","1972"
"19","2"
"20","20000"
"21","22"
"22","2325"
"23","24"
"24","24page"
"25","25"
"26","2628"
"27","2754"
"28","29"
"29","3"
"30","31"
"31","4"
"32","5"
"33","58"
"34","9000"
"35","90day"
"36","a"
"37","about"
"38","access"
"39","acroosteolysis"
"40","act"
"41","acting"
"42","action"
"43","actions"
"44","activities"
"45","ad"
"46","addition"
"47","additional"
"48","adequate"
"49","administration"
"50","administrations"
"51","administrator"
"52","administrators"
"53","adopted"
"54","adoption"
"55","advertising"
"56","advisors"
"57","affairs"
"58","affected"
"59","aflcio"
"60","after"
"61","afterward"
"62","agency"
"63","agree­"
"64","agreement"
"65","ahead"
"66","air"
"67","alerted"
"68","all"
"69","alleged"
"70","allow"
"71","allowance"
"72","allowing"
"73","also"
"74","alter­"
"75","amendments"
"76","american"
"77","among"
"78","an"
"79","and"
"80","annual"
"81","anticipated"
"82","any"
"83","appears"
"84","applied"
"85","appropriate"
"86","approval"
"87","approved"
"88","april"
"89","are"
"90","argument"
"91","as"
"92","as­"
"93","aspects"
"94","association"
"95","associations"
"96","assurances"
"97","at"
"98","atlantic"
"99","attaches"
"100","attaching"
"101","attacked"
"102","attempt"
"103","attended"
"104","authored"
"105","authorized"
"106","b"
"107","bags"
"108","bank"
"109","banking"
"110","basis"
"111","be"
"112","been"
"113","before"
"114","began"
"115","begin"
"116","begun"
"117","behalf"
"118","being"
"119","believe"
"120","between"
"121","bill"
"122","birth"
"123","blood"
"124","bone"
"125","booklet"
"126","booklets"
"127","boston"
"128","both"
"129","broaden­"
"130","budget"
"131","burdensome"
"132","business"
"133","by"
"134","c"
"135","capital"
"136","car"
"137","career"
"138","careers"
"139","cases"
"140","ceding"
"141","centennial"
"142","center"
"143","centered"
"144","cerning"
"145","certain"
"146","chairman"
"147","challenge"
"148","change"
"149","changes"
"150","chemecology"
"151","chemical"
"152","chemistry"
"153","chloride"
"154","cision"
"155","city"
"156","clarify"
"157","clean"
"158","clearly"
"159","clinical"
"160","cma"
"161","cma03611"
"162","cma03619"
"163","co­"
"164","coast"
"165","collaborating"
"166","com­"
"167","combined"
"168","coming"
"169","comment"
"170","comments"
"171","commerce"
"172","commercial"
"173","commission"
"174","committee"
"175","committees"
"176","communication"
"177","companies"
"178","company"
"179","complaint"
"180","complete"
"181","con­"
"182","concern"
"183","concerning"
"184","conditions"
"185","conference"
"186","congress"
"187","congressional"
"188","connection"
"189","consider"
"190","consideration"
"191","considered"
"192","construction"
"193","consultation"
"194","consumer"
"195","consumers"
"196","contacts"
"197","continues"
"198","continuing"
"199","contrary"
"200","contribute"
"201","contributions"
"202","control"
"203","controls"
"204","conven­"
"205","convention"
"206","cooperation"
"207","could"
"208","counsel"
"209","country"
"210","court"
"211","crease"
"212","currency"
"213","currently"
"214","currentspilot"
"215","curriculum"
"216","d"
"217","daniel"
"218","dark"
"219","date"
"220","day"
"221","de­"
"222","dealing"
"223","december"
"224","defects"
"225","defended"
"226","deficiencies"
"227","delay"
"228","delayed"
"229","deleted"
"230","democratic"
"231","democrats"
"232","demonstrations"
"233","depend"
"234","describing"
"235","design"
"236","devaluation"
"237","developed"
"238","development"
"239","devoted"
"240","dfla"
"241","dhi"
"242","did"
"243","direct"
"244","directly"
"245","dis­"
"246","disc"
"247","discrimination"
"248","discussion"
"249","disparities"
"250","display"
"251","disruptive"
"252","distribution"
"253","division"
"254","dmo"
"255","document"
"256","does"
"257","dollar"
"258","dr"
"259","draft"
"260","drawback"
"261","drew"
"262","driver"
"263","during"
"264","dva"
"265","e"
"266","eac"
"267","eagleton"
"268","earnings"
"269","easing"
"270","easter"
"271","ecis"
"272","edited"
"273","education"
"274","educational"
"275","educationconsumer"
"276","educator"
"277","ee0cs"
"278","eeoc"
"279","effects"
"280","efficient"
"281","eight"
"282","elbert"
"283","elementary"
"284","elicited"
"285","embodied"
"286","emphasized"
"287","employ­"
"288","employees"
"289","employment"
"290","empower"
"291","enactment"
"292","encumbering"
"293","ending"
"294","enforcement"
"295","engineering"
"296","environment"
"297","environmental"
"298","environmentalists"
"299","epa"
"300","epas"
"301","epidemiological"
"302","equal"
"303","establish"
"304","esters"
"305","excellent"
"306","exchange"
"307","exec­"
"308","executive"
"309","exhibit"
"310","expansion"
"311","expected"
"312","experimental"
"313","export"
"314","exportimport"
"315","expressed"
"316","extended"
"317","extension"
"318","extensive"
"319","extraction"
"320","f"
"321","face"
"322","facilities"
"323","feature"
"324","february"
"325","federal"
"326","film"
"327","finally"
"328","financing"
"329","findings"
"330","fingertip"
"331","first"
"332","floor"
"333","for"
"334","foreign"
"335","form"
"336","formal"
"337","fortyfive"
"338","foundation"
"339","four"
"340","free"
"341","freeofcharge"
"342","freight"
"343","from"
"344","funded"
"345","funding"
"346","funds"
"347","future"
"348","g"
"349","general"
"350","generally"
"351","given"
"352","gold"
"353","government"
"354","granted"
"355","group"
"356","growth"
"357","guard"
"358","guidance"
"359","h"
"360","had"
"361","hartkeburke"
"362","has"
"363","have"
"364","he"
"365","headquarters"
"366","hear­"
"367","hearings"
"368","held"
"369","his"
"370","hoc"
"371","holder"
"372","house"
"373","houses"
"374","housesenate"
"375","however"
"376","hygiene"
"377","identified"
"378","if"
"379","immediately"
"380","implement"
"381","implementation"
"382","implications"
"383","imposes"
"384","improvements"
"385","in­"
"386","in"
"387","inadequate"
"388","inc"
"389","incen­"
"390","include"
"391","including"
"392","inclusion"
"393","increased"
"394","increasing"
"395","independent"
"396","indicated"
"397","indications"
"398","indirect"
"399","indirectly"
"400","indus­"
"401","industrial"
"402","industry"
"403","information"
"404","ing"
"405","ings"
"406","initial"
"407","injected"
"408","inouye"
"409","insisted"
"410","institute"
"411","intent"
"412","inter­"
"413","interest"
"414","interests"
"415","internalexterna"
"416","international"
"417","internship"
"418","interpersonal"
"419","interstate"
"420","intervene"
"421","investment"
"422","invited"
"423","involving"
"424","is"
"425","issue"
"426","issued"
"427","issuing"
"428","it"
"429","its"
"430","itself"
"431","j"
"432","james"
"433","january"
"434","job"
"435","judgment"
"436","judicial"
"437","jurisdiction"
"438","k"
"439","kept"
"440","key"
"441","known"
"442","l"
"443","labeling"
"444","labors"
"445","language"
"446","last"
"447","late"
"448","latter"
"449","latters"
"450","law"
"451","learned"
"452","lecture"
"453","legal"
"454","legislation"
"455","legislative"
"456","lesions"
"457","letter"
"458","licens­"
"459","loomed"
"460","ma"
"461","made"
"462","mailed"
"463","maintain"
"464","make"
"465","management"
"466","manager"
"467","manufacture"
"468","manufacturers"
"469","manufacturing"
"470","march"
"471","marine"
"472","mark­"
"473","marking"
"474","massachusetts"
"475","materials"
"476","may"
"477","mca"
"478","mcas"
"479","means"
"480","measure"
"481","measures"
"482","medical"
"483","meeting"
"484","member"
"485","members"
"486","memorandum"
"487","ment"
"488","ments"
"489","merchant"
"490","michigan"
"491","mid"
"492","mileage"
"493","million"
"494","mills"
"495","mitted"
"496","mittee"
"497","modification"
"498","modified"
"499","monetary"
"500","month"
"501","monthly"
"502","more"
"503","mr"
"504","multinational"
"505","national"
"506","native"
"507","necessary"
"508","needed"
"509","negotiated"
"510","negotiations"
"511","net"
"512","new"
"513","newest"
"514","next"
"515","nixon"
"516","no"
"517","nondefense"
"518","nongermane"
"519","not"
"520","nsf"
"521","number"
"522","objection"
"523","observances"
"524","obtained"
"525","october"
"526","of"
"527","office"
"528","oil"
"529","on"
"530","one"
"531","onerous"
"532","operation"
"533","operations"
"534","opportunities"
"535","opportunity"
"536","oppositionparticularly"
"537","options"
"538","or"
"539","oral"
"540","order"
"541","organized"
"542","other"
"543","others"
"544","our"
"545","out"
"546","outside"
"547","over"
"548","oversight"
"549","p"
"550","panies"
"551","participate"
"552","particular"
"553","particularly"
"554","passed"
"555","patent"
"556","patented"
"557","paul"
"558","pending"
"559","people"
"560","permitting"
"561","persistently"
"562","personnel"
"563","philadelphia"
"564","phthalate"
"565","phthalateplasticized"
"566","place"
"567","planned"
"568","planning"
"569","plans"
"570","plasticizers"
"571","plastics"
"572","pointed"
"573","political"
"574","pollution"
"575","pollutionprevention"
"576","polyvinyl"
"577","portions"
"578","position"
"579","possibility"
"580","possible"
"581","prehensive"
"582","premarket"
"583","preparation"
"584","prepared"
"585","present"
"586","presented"
"587","presents"
"588","preserve"
"589","president"
"590","presidents"
"591","pressures"
"592","prevailed"
"593","prior"
"594","pro­"
"595","procedure"
"596","process"
"597","product"
"598","production"
"599","products"
"600","program"
"601","prohibit"
"602","prohibition"
"603","projects"
"604","promote"
"605","prompt"
"606","proposal"
"607","proposals"
"608","proposed"
"609","proposing"
"610","protection"
"611","provide"
"612","provisions"
"613","public"
"614","publication"
"615","publications"
"616","purview"
"617","q12524a"
"618","qualifying"
"619","quality"
"620","r"
"621","r1"
"622","railroads"
"623","rapid"
"624","rate"
"625","rather"
"626","rats"
"627","rch"
"628","reach"
"629","readers"
"630","recent"
"631","recently"
"632","recognition"
"633","recommendations"
"634","recommended"
"635","record"
"636","reducing"
"637","registry"
"638","regulation"
"639","regulations"
"640","regulatory"
"641","reiterated"
"642","relative"
"643","released"
"644","remedies"
"645","reorganization"
"646","replace"
"647","replaces"
"648","report"
"649","reported"
"650","reporting"
"651","representative"
"652","representatives"
"653","request"
"654","requesting"
"655","require"
"656","required"
"657","requirements"
"658","research"
"659","researchers"
"660","response"
"661","restraints"
"662","result"
"663","review"
"664","revise"
"665","robert"
"666","rogers"
"667","ruckelshaus"
"668","ruled"
"669","rules"
"670","s"
"671","sabbatical"
"672","same"
"673","scheduled"
"674","school"
"675","schools"
"676","science"
"677","section"
"678","seek"
"679","seminars"
"680","senate"
"681","senatehouse"
"682","senator"
"683","session"
"684","seventies"
"685","sideration"
"686","since"
"687","socalled"
"688","society"
"689","some"
"690","soundness"
"691","specific"
"692","specified"
"693","spong"
"694","sponsored"
"695","staff"
"696","state"
"697","states"
"698","statistics"
"699","stored"
"700","strategies"
"701","strategy"
"702","strengthening"
"703","stronger"
"704","students"
"705","studies"
"706","sub­"
"707","subcom­"
"708","subcommittee"
"709","submit"
"710","submittal"
"711","submitted"
"712","subsidize"
"713","substances"
"714","substantial"
"715","such"
"716","suddenly"
"717","sufficient"
"718","suggesting"
"719","supervision"
"720","sure"
"721","symposia"
"722","syndrome"
"723","system"
"724","t"
"725","take"
"726","tank"
"727","teachers"
"728","technical"
"729","technological"
"730","technology"
"731","tection"
"732","terminal"
"733","territory"
"734","testimony"
"735","testing"
"736","than"
"737","that"
"738","the"
"739","their"
"740","them"
"741","they"
"742","this"
"743","thomas"
"744","those"
"745","three"
"746","through"
"747","thus"
"748","time"
"749","tion"
"750","title"
"751","titles"
"752","tives"
"753","to"
"754","topic"
"755","tourism"
"756","toxic"
"757","trade"
"758","transactions"
"759","transfer"
"760","trialacademic"
"761","tributed"
"762","turner"
"763","two"
"764","types"
"765","u"
"766","ultimately"
"767","under"
"768","understanding"
"769","uniformity"
"770","union"
"771","united"
"772","university"
"773","until"
"774","up"
"775","upcoming"
"776","upgrading"
"777","us"
"778","use"
"779","used"
"780","using"
"781","utive"
"782","varnerin"
"783","version"
"784","vessels"
"785","vestigation"
"786","vi"
"787","vii"
"788","volunteered"
"789","was"
"790","water"
"791","ways"
"792","we"
"793","weaver"
"794","week"
"795","weeks"
"796","well"
"797","were"
"798","what"
"799","when"
"800","where"
"801","which"
"802","wilbur"
"803","will"
"804","william"
"805","wish"
"806","with"
"807","within"
"808","workers"
"809","working"
"810","works"
"811","would"
"812","written"
"813","york"
"814","your"
"815","zones"
