"","dictionary"
"1","communications"
"2","network"
"3","member"
"4","companies"
"5","are"
"6","strongly"
"7","encouraged"
"8","to"
"9","provide"
"10","this"
"11","needed"
"12","support"
"13","the"
"14","state"
"15","advocacy"
"16","program"
"17","including"
"18","the"
"19","new"
"20","cmalinc"
"21","computer"
"22","network"
"23","will"
"24","be"
"25","heavily"
"26","involved"
"27","in"
"28","in"
"29","the"
"30","critical"
"31","environmental"
"32","issues"
"33","identified"
"34","by"
"35","the"
"36","national"
"37","conference"
"38","of"
"39","state"
"40","legislators"
"41","namely"
"42","groundwater"
"43","and"
"44","the"
"45","disposal"
"46","of"
"47","hazardous"
"48","wastes"
"49","of"
"50","course"
"51","other"
"52","issues"
"53","will"
"54","continue"
"55","to"
"56","be"
"57","of"
"58","major"
"59","concern"
"60","such"
"61","as"
"62","state"
"63","superfunds"
"64","which"
"65","are"
"66","currently"
"67","under"
"68","detailed"
"69","study"
"70","by"
"71","the"
"72","cma"
"73","state"
"74","hazardous"
"75","wastegroundwater"
"76","task"
"77","group"
"78","state"
"79","righttoknow"
"80","action"
"81","continues"
"82","to"
"83","grow"
"84","and"
"85","even"
"86","expand"
"87","in"
"88","scope"
"89","new"
"90","jerseys"
"91","toxic"
"92","catastrophe"
"93","prevention"
"94","act"
"95","signed"
"96","in"
"97","early"
"98","january"
"99","not"
"100","only"
"101","requires"
"102","the"
"103","reporting"
"104","of"
"105","information"
"106","concerning"
"107","industrys"
"108","operations"
"109","but"
"110","also"
"111","allows"
"112","the"
"113","state"
"114","to"
"115","order"
"116","risk"
"117","reduction"
"118","measures"
"119","or"
"120","even"
"121","order"
"122","the"
"123","cessation"
"124","of"
"125","operations"
"126","toxic"
"127","air"
"128","will"
"129","become"
"130","even"
"131","more"
"132","important"
"133","at"
"134","the"
"135","state"
"136","level"
"137","as"
"138","federal"
"139","epa"
"140","pushes"
"141","this"
"142","issue"
"143","along"
"144","with"
"145","groundwater"
"146","to"
"147","the"
"148","states"
"149","cmas"
"150","state"
"151","affairs"
"152","program"
"153","has"
"154","been"
"155","an"
"156","active"
"157","participant"
"158","in"
"159","cmas"
"160","development"
"161","of"
"162","an"
"163","air"
"164","toxics"
"165","policy"
"166","a"
"167","new"
"168","but"
"169","rapidly"
"170","growing"
"171","issue"
"172","at"
"173","the"
"174","state"
"175","and"
"176","federal"
"177","level"
"178","is"
"179","liability"
"180","insurance"
"181","and"
"182","the"
"183","related"
"184","issue"
"185","of"
"186","tort"
"187","reform"
"188","cmas"
"189","state"
"190","affairs"
"191","program"
"192","is"
"193","actively"
"194","participating"
"195","in"
"196","a"
"197","large"
"198","coalition"
"199","of"
"200","interested"
"201","trade"
"202","associations"
"203","and"
"204","individual"
"205","companies"
"206","under"
"207","the"
"208","auspices"
"209","of"
"210","the"
"211","american"
"212","legislative"
"213","exchange"
"214","council"
"215","nearly"
"216","all"
"217","states"
"218","are"
"219","involved"
"220","in"
"221","some"
"222","aspect"
"223","of"
"224","this"
"225","issue"
"226","of"
"227","course"
"228","hazardous"
"229","material"
"230","transportation"
"231","public"
"232","compensation"
"233","and"
"234","chronic"
"235","health"
"236","issues"
"237","will"
"238","continue"
"239","to"
"240","be"
"241","active"
"242","issues"
"243","as"
"244","well"
"245","in"
"246","media"
"247","page"
"248","cma"
"249","the"
"250","closing"
"251","months"
"252","of"
"253","saw"
"254","concentrated"
"255","media"
"256","attention"
"257","on"
"258","the"
"259","subject"
"260","of"
"261","air"
"262","toxics"
"263","the"
"264","first"
"265","anniversary"
"266","of"
"267","bhopal"
"268","and"
"269","related"
"270","activities"
"271","of"
"272","environmental"
"273","groups"
"274","the"
"275","epa"
"276","hazardous"
"277","chemicals"
"278","listing"
"279","and"
"280","in"
"281","depth"
"282","media"
"283","analysis"
"284","made"
"285","headlines"
"286","at"
"287","the"
"288","same"
"289","time"
"290","reauthoriation"
"291","of"
"292","superfund"
"293","probably"
"294","gained"
"295","more"
"296","media"
"297","attention"
"298","than"
"299","expected"
"300","primarily"
"301","because"
"302","of"
"303","its"
"304","intrusion"
"305","into"
"306","the"
"307","budget"
"308","reconciliation"
"309","process"
"310","most"
"311","of"
"312","this"
"313","attention"
"314","was"
"315","in"
"316","the"
"317","form"
"318","of"
"319","news"
"320","rather"
"321","than"
"322","editorial"
"323","coverage"
"324","as"
"325","might"
"326","have"
"327","been"
"328","anticipated"
"329","following"
"330","the"
"331","december"
"332","bhopal"
"333","accident"
"334","became"
"335","a"
"336","year"
"337","of"
"338","intense"
"339","environmental"
"340","inquiry"
"341","initial"
"342","interest"
"343","was"
"344","in"
"345","the"
"346","potential"
"347","for"
"348","acute"
"349","incidents"
"350","in"
"351","the"
"352","united"
"353","states"
"354","stories"
"355","focused"
"356","on"
"357","questions"
"358","of"
"359","failure"
"360","to"
"361","regulate"
"362","or"
"363","inadequacy"
"364","of"
"365","existing"
"366","law"
"367","for"
"368","the"
"369","media"
"370","the"
"371","institute"
"372","wv"
"373","release"
"374","answered"
"375","the"
"376","question"
"377","can"
"378","it"
"379","happen"
"380","here"
"381","attention"
"382","to"
"383","acute"
"384","threats"
"385","accelerated"
"386","in"
"387","their"
"388","bhopal"
"389","retrospective"
"390","media"
"391","from"
"392","chemical"
"393","states"
"394","such"
"395","as"
"396","texas"
"397","louisiana"
"398","west"
"399","virginia"
"400","illinois"
"401","ohio"
"402","and"
"403","pennsylvania"
"404","were"
"405","concerned"
"406","primarily"
"407","about"
"408","this"
"409","issue"
"410","with"
"411","questions"
"412","about"
"413","training"
"414","process"
"415","safety"
"416","and"
"417","design"
"418","new"
"419","jersey"
"420","attention"
"421","included"
"422","chronic"
"423","issues"
"424","as"
"425","well"
"426","as"
"427","acute"
"428","raising"
"429","the"
"430","idea"
"431","of"
"432","affect"
"433","on"
"434","communities"
"435","as"
"436","opposed"
"437","to"
"438","workers"
"439","for"
"440","the"
"441","most"
"442","part"
"443","our"
"444","activities"
"445","relating"
"446","to"
"447","superfund"
"448","were"
"449","proactive"
"450","bhopalair"
"451","toxics"
"452","activities"
"453","were"
"454","responsive"
"455","the"
"456","national"
"457","media"
"458","appeared"
"459","to"
"460","understand"
"461","the"
"462","chemical"
"463","industry"
"464","rationale"
"465","for"
"466","a"
"467","broad"
"468","based"
"469","tax"
"470","and"
"471","generally"
"472","referred"
"473","to"
"474","that"
"475","position"
"476","in"
"477","their"
"478","coverage"
"479","in"
"480","addition"
"481","those"
"482","reporters"
"483","who"
"484","have"
"485","covered"
"486","the"
"487","story"
"488","over"
"489","a"
"490","period"
"491","of"
"492","time"
"493","agree"
"494","with"
"495","the"
"496","industry"
"497","contention"
"498","that"
"499","a"
"500","waste"
"501","generation"
"502","tax"
"503","bears"
"504","little"
"505","relationship"
"506","to"
"507","hazardous"
"508","waste"
"509","sites"
"510","courts"
"511","and"
"512","agency"
"513","decisions"
"514","federal"
"515","maritime"
"516","commission"
"517","a"
"518","victory"
"519","i"
"520","cma"
"521","through"
"522","briefs"
"523","and"
"524","affidavits"
"525","convinced"
"526","an"
"527","administrative"
"528","law"
"529","judge"
"530","to"
"531","decide"
"532","that"
"533","two"
"534","chemical"
"535","parcel"
"536","tankers"
"537","were"
"538","tramps"
"539","rather"
"540","than"
"541","ocean"
"542","conanon"
"543","carriers"
"544","and"
"545","thus"
"546","exempt"
"547","from"
"548","antitrust"
"549","laws"
"550","while"
"551","this"
"552","decision"
"553","is"
"554","likely"
"555","to"
"556","be"
"557","appealed"
"558","to"
"559","the"
"560","entire"
"561","commission"
"562","it"
"563","may"
"564","serve"
"565","as"
"566","a"
"567","precedent"
"568","to"
"569","prevent"
"570","chemical"
"571","parcel"
"572","tankers"
"573","from"
"574","obtaining"
"575","antitrust"
"576","exemptions"
"577","for"
"578","price"
"579","setting"
"580","and"
"581","market"
"582","allocation"
"583","agreements"
"584","those"
"585","activities"
"586","could"
"587","cost"
"588","the"
"589","chemical"
"590","industry"
"591","million"
"592","dollars"
"593","per"
"594","year"
"595","in"
"596","increased"
"597","rates"
"598","on"
"599","bulk"
"600","chemical"
"601","exports"
"602","and"
"603","imports"
"604","federal"
"605","energy"
"606","regulatory"
"607","commission"
"608","another"
"609","victoryl"
"610","the"
"611","federal"
"612","energy"
"613","regulatory"
"614","commission"
"615","ferc"
"616","has"
"617","approved"
"618","a"
"619","rule"
"620","on"
"621","natural"
"622","gas"
"623","page"
"624","cma"
"625","transportation"
"626","that"
"627","adopts"
"628","many"
"629","cma"
"630","recommendations"
"631","the"
"632","rule"
"633","order"
"634","no"
"635","is"
"636","intended"
"637","to"
"638","promote"
"639","competition"
"640","in"
"641","the"
"642","natural"
"643","gas"
"644","market"
"645","by"
"646","facilitating"
"647","the"
"648","movement"
"649","of"
"650","gas"
"651","from"
"652","the"
"653","producer"
"654","to"
"655","the"
"656","user"
"657","when"
"658","fully"
"659","implemented"
"660","by"
"661","the"
"662","pipelines"
"663","there"
"664","will"
"665","be"
"666","a"
"667","substantial"
"668","cost"
"669","savings"
"670","to"
"671","industrial"
"672","users"
"673","of"
"674","gas"
"675","the"
"676","annual"
"677","savings"
"678","for"
"679","cma"
"680","members"
"681","is"
"682","estimated"
"683","at"
"684","to"
"685","million"
"686","in"
"687","addition"
"688","cma"
"689","and"
"690","its"
"691","coalition"
"692","partners"
"693","successfully"
"694","argued"
"695","against"
"696","inclusion"
"697","of"
"698","a"
"699","new"
"700","block"
"701","billing"
"702","mechanism"
"703","in"
"704","the"
"705","final"
"706","rule"
"707","cma"
"708","testified"
"709","that"
"710","block"
"711","billing"
"712","would"
"713","significantly"
"714","raise"
"715","the"
"716","price"
"717","of"
"718","natural"
"719","gas"
"720","for"
"721","industrial"
"722","consumers"
"723","a"
"724","study"
"725","submitted"
"726","by"
"727","cma"
"728","indicated"
"729","that"
"730","annual"
"731","cost"
"732","to"
"733","the"
"734","chemical"
"735","industry"
"736","would"
"737","be"
"738","approximately"
"739","million"
"740","fercs"
"741","action"
"742","is"
"743","a"
"744","major"
"745","victory"
"746","for"
"747","cma"
"748","and"
"749","other"
"750","industrial"
"751","users"
"752","however"
"753","the"
"754","commission"
"755","is"
"756","continuing"
"757","its"
"758","assessment"
"759","of"
"760","the"
"761","advantages"
"762","and"
"763","disadvantages"
"764","of"
"765","block"
"766","billing"
"767","and"
"768","further"
"769","action"
"770","is"
"771","still"
"772","possible"
"773","ii"
"774","issues"
"775","and"
"776","program"
"777","status"
"778","hazardous"
"779","waste"
"780","superfund"
"781","congressional"
"782","developments"
"783","and"
"784","response"
"785","senate"
"786","activity"
"787","the"
"788","senate"
"789","passed"
"790","hr"
"791","on"
"792","september"
"793","the"
"794","superfund"
"795","reauthorization"
"796","for"
"797","five"
"798","years"
"799","the"
"800","legislation"
"801","will"
"802","increase"
"803","nearly"
"804","fivefold"
"805","the"
"806","money"
"807","available"
"808","to"
"809","clean"
"810","up"
"811","abandoned"
"812","hazardous"
"813","waste"
"814","sites"
"815","by"
"816","freezing"
"817","the"
"818","feedstock"
"819","tax"
"820","and"
"821","imposing"
"822","a"
"823","broadbased"
"824","excise"
"825","tax"
"826","on"
"827","all"
"828","manufacturers"
"829","senator"
"830","robert"
"831","packwood"
"832","ror"
"833","and"
"834","other"
"835","members"
"836","of"
"837","the"
"838","finance"
"839","committee"
"840","put"
"841","the"
"842","superfund"
"843","funding"
"844","package"
"845","in"
"846","the"
"847","budget"
"848","reconciliation"
"849","bill"
"850","which"
"851","passed"
"852","the"
"853","senate"
"854","senator"
"855","jesse"
"856","helms"
"857","rnc"
"858","offered"
"859","an"
"860","amendment"
"861","to"
"862","delete"
"863","the"
"864","superfund"
"865","funding"
"866","from"
"867","the"
"868","budget"
"869","reconciliation"
"870","legislation"
"871","but"
"872","he"
"873","lost"
"874","to"
"875","the"
"876","senate"
"877","once"
"878","again"
"879","strongly"
"880","confirmed"
"881","its"
"882","support"
"883","for"
"884","a"
"885","broadbased"
"886","tax"
"887","and"
"888","freezing"
"889","feedstock"
"890","to"
"891","finance"
"892","the"
"893","superfund"
"894","cleanup"
"895","program"
"896","house"
"897","activity"
"898","the"
"899","house"
"900","voted"
"901","on"
"902","dec"
"903","to"
"904","reauthorize"
"905","the"
"906","superfund"
"907","cleanup"
"908","program"
"909","by"
"910","significantly"
"911","increasing"
"912","the"
"913","tax"
"914","of"
"915","chemical"
"916","feedstocks"
"917","and"
"918","oil"
"919","the"
"920","house"
"921","narrowly"
"922","defeated"
"923","the"
"924","ways"
"925","means"
"926","committees"
"927","broadbased"
"928","tax"
"929","which"
"930","was"
"931","opposed"
"932","by"
"933","president"
"934","reagan"
"935","most"
"936","of"
"937","the"
"938","unions"
"939","the"
"940","environmentalists"
"941","and"
"942","a"
"943","broad"
"944","coalition"
"945","of"
"946","manufacturers"
"947","with"
"948","this"
"949","page"
"950","cma"
"951","support"
"952","the"
"953","house"
"954","passed"
"955","representatives"
"956","thomas"
"957","downeys"
"958","dny"
"959","and"
"960","bill"
"961","frenzels"
"962","rmn"
"963","amendment"
"964","to"
"965","finance"
"966","the"
"967","bulk"
"968","of"
"969","the"
"970","s"
"971","billion"
"972","superfund"
"973","from"
"974","a"
"975","billion"
"976","tax"
"977","on"
"978","chemical"
"979","feedstocks"
"980","s"
"981","billion"
"982","from"
"983","a"
"984","crude"
"985","oil"
"986","tax"
"987","billion"
"988","from"
"989","a"
"990","waste"
"991","tax"
"992","si"
"993","billion"
"994","from"
"995","general"
"996","revenues"
"997","and"
"998","smaller"
"999","amounts"
"1000","from"
"1001","other"
"1002","sources"
"1003","the"
"1004","program"
"1005","provisions"
"1006","were"
"1007","a"
"1008","compromise"
"1009","of"
"1010","the"
"1011","energy"
"1012","commerce"
"1013","and"
"1014","public"
"1015","works"
"1016","transportation"
"1017","committees"
"1018","proposals"
"1019","they"
"1020","include"
"1021","cleanup"
"1022","schedules"
"1023","cleanup"
"1024","standards"
"1025","citizen"
"1026","suits"
"1027","settlement"
"1028","procedures"
"1029","and"
"1030","righttoknow"
"1031","provisions"
"1032","including"
"1033","a"
"1034","requirement"
"1035","that"
"1036","certain"
"1037","companies"
"1038","report"
"1039","annually"
"1040","their"
"1041","total"
"1042","releases"
"1043","of"
"1044","chemicals"
"1045","that"
"1046","can"
"1047","cause"
"1048","chronic"
"1049","health"
"1050","hazards"
"1051","the"
"1052","house"
"1053","defeated"
"1054","an"
"1055","amendment"
"1056","to"
"1057","create"
"1058","a"
"1059","federal"
"1060","cause"
"1061","of"
"1062","action"
"1063","thus"
"1064","neither"
"1065","the"
"1066","house"
"1067","or"
"1068","senate"
"1069","bill"
"1070","contains"
"1071","victims"
"1072","compensation"
"1073","provisions"
"1074","which"
"1075","was"
"1076","a"
"1077","key"
"1078","cma"
"1079","priority"
"1080","in"
"1081","superfund"
"1082","reauthorization"
"1083","the"
"1084","house"
"1085","and"
"1086","senate"
"1087","conference"
"1088","on"
"1089","superfund"
"1090","reauthorization"
"1091","could"
"1092","begin"
"1093","in"
"1094","late"
"1095","january"
"1096","after"
"1097","the"
"1098","conferees"
"1099","have"
"1100","been"
"1101","appointed"
"1102","but"
"1103","major"
"1104","concerns"
"1105","need"
"1106","to"
"1107","be"
"1108","resolved"
"1109","on"
"1110","the"
"1111","funding"
"1112","level"
"1113","mechanism"
"1114","and"
"1115","program"
"1116","issues"
"1117","one"
"1118","of"
"1119","the"
"1120","major"
"1121","program"
"1122","issues"
"1123","to"
"1124","be"
"1125","resolved"
"1126","in"
"1127","conference"
"1128","is"
"1129","how"
"1130","much"
"1131","discretion"
"1132","to"
"1133","give"
"1134","epa"
"1135","the"
"1136","house"
"1137","bill"
"1138","spells"
"1139","out"
"1140","in"
"1141","great"
"1142","detail"
"1143","what"
"1144","epa"
"1145","should"
"1146","do"
"1147","and"
"1148","when"
"1149","to"
"1150","do"
"1151","it"
"1152","where"
"1153","the"
"1154","senate"
"1155","bill"
"1156","provides"
"1157","more"
"1158","general"
"1159","guidance"
"1160","the"
"1161","superfund"
"1162","task"
"1163","group"
"1164","of"
"1165","cmas"
"1166","government"
"1167","relations"
"1168","committee"
"1169","will"
"1170","now"
"1171","focus"
"1172","its"
"1173","attention"
"1174","on"
"1175","the"
"1176","house"
"1177","and"
"1178","senate"
"1179","conferees"
"1180","a"
"1181","strategy"
"1182","will"
"1183","be"
"1184","developed"
"1185","and"
"1186","agressively"
"1187","implemented"
"1188","on"
"1189","the"
"1190","tax"
"1191","and"
"1192","program"
"1193","issues"
"1194","before"
"1195","congress"
"1196","adjourned"
"1197","for"
"1198","the"
"1199","year"
"1200","on"
"1201","december"
"1202","they"
"1203","made"
"1204","one"
"1205","last"
"1206","effort"
"1207","to"
"1208","provide"
"1209","funding"
"1210","for"
"1211","the"
"1212","superfund"
"1213","program"
"1214","on"
"1215","december"
"1216","the"
"1217","house"
"1218","and"
"1219","senate"
"1220","conference"
"1221","on"
"1222","budget"
"1223","reconciliation"
"1224","began"
"1225","to"
"1226","consider"
"1227","the"
"1228","superfund"
"1229","funding"
"1230","issues"
"1231","they"
"1232","agreed"
"1233","on"
"1234","a"
"1235","compromise"
"1236","of"
"1237","the"
"1238","senate"
"1239","funding"
"1240","mechanism"
"1241","freeze"
"1242","feedstocks"
"1243","and"
"1244","a"
"1245","broadbased"
"1246","tax"
"1247","and"
"1248","the"
"1249","house"
"1250","funding"
"1251","level"
"1252","of"
"1253","billion"
"1254","over"
"1255","five"
"1256","years"
"1257","but"
"1258","when"
"1259","the"
"1260","conference"
"1261","report"
"1262","went"
"1263","back"
"1264","to"
"1265","the"
"1266","house"
"1267","for"
"1268","approval"
"1269","represenative"
"1270","dan"
"1271","rostenkowski"
"1272","dil"
"1273","successfully"
"1274","moved"
"1275","to"
"1276","strike"
"1277","the"
"1278","superfund"
"1279","provisions"
"1280","because"
"1281","of"
"1282","the"
"1283","broadbased"
"1284","tax"
"1285","until"
"1286","congress"
"1287","ajoumed"
"1288","december"
"1289","without"
"1290","passing"
"1291","budget"
"1292","reconciliation"
"1293","the"
"1294","house"
"1295","continued"
"1296","to"
"1297","delete"
"1298","superfund"
"1299","and"
"1300","the"
"1301","senate"
"1302","kept"
"1303","insisting"
"1304","superfund"
"1305","be"
"1306","included"
"1307","this"
"1308","deadlock"
"1309","over"
"1310","the"
"1311","different"
"1312","funding"
"1313","approaches"
"1314","approved"
"1315","by"
"1316","the"
"1317","house"
"1318","and"
"1319","senate"
"1320","signals"
"1321","how"
"1322","difficult"
"1323","the"
"1324","funding"
"1325","issue"
"1326","will"
"1327","be"
"1328","to"
"1329","resolve"
"1330","in"
"1331","regulatory"
"1332","developments"
"1333","and"
"1334","response"
"1335","national"
"1336","priority"
"1337","list"
"1338","comments"
"1339","the"
"1340","emcs"
"1341","superfund"
"1342","implementation"
"1343","task"
"1344","group"
"1345","submitted"
"1346","comments"
"1347","to"
"1348","epa"
"1349","on"
"1350","proposed"
"1351","amendments"
"1352","to"
"1353","the"
"1354","national"
"1355","priority"
"1356","list"
"1357","the"
"1358","primary"
"1359","cma"
"1360","concern"
"1361","was"
"1362","epas"
"1363","retaining"
"1364","flexibility"
"1365","in"
"1366","requiring"
"1367","cleanups"
"1368","under"
"1369","superfund"
"1370","or"
"1371","rcra"
"1372","we"
"1373","indicated"
"1374","page"
"1375","cma"
"1376","that"
"1377","mandating"
"1378","that"
"1379","all"
"1380","cleanups"
"1381","be"
"1382","governed"
"1383","by"
"1384","one"
"1385","statute"
"1386","may"
"1387","be"
"1388","unduly"
"1389","rigid"
"1390","and"
"1391","in"
"1392","fact"
"1393","slow"
"1394","down"
"1395","the"
"1396","cleanup"
"1397","process"
"1398","policy"
"1399","development"
"1400","analytical"
"1401","and"
"1402","program"
"1403","activities"
"1404","national"
"1405","contingency"
"1406","plan"
"1407","litigation"
"1408","the"
"1409","emc"
"1410","authorized"
"1411","cma"
"1412","to"
"1413","intervene"
"1414","in"
"1415","litigation"
"1416","challenging"
"1417","epas"
"1418","revisions"
"1419","to"
"1420","the"
"1421","national"
"1422","contingency"
"1423","plan"
"1424","cmas"
"1425","concerns"
"1426","are"
"1427","epa"
"1428","including"
"1429","technology"
"1430","standards"
"1431","in"
"1432","addition"
"1433","to"
"1434","healthbased"
"1435","standards"
"1436","for"
"1437","purposes"
"1438","of"
"1439","determining"
"1440","what"
"1441","are"
"1442","relevant"
"1443","cleanup"
"1444","standards"
"1445","epa"
"1446","establishing"
"1447","costeffectiveness"
"1448","criteria"
"1449","inconsistent"
"1450","with"
"1451","the"
"1452","statute"
"1453","and"
"1454","epa"
"1455","incorporating"
"1456","other"
"1457","regulatory"
"1458","agency"
"1459","standards"
"1460","for"
"1461","purposes"
"1462","of"
"1463","defining"
"1464","the"
"1465","relevant"
"1466","cleanup"
"1467","standards"
"1468","that"
"1469","go"
"1470","beyond"
"1471","the"
"1472","statutes"
"1473","requirements"
"1474","communications"
"1475","nearly"
"1476","all"
"1477","of"
"1478","the"
"1479","news"
"1480","service"
"1481","divisions"
"1482","efforts"
"1483","and"
"1484","resources"
"1485","were"
"1486","dedicated"
"1487","to"
"1488","superfund"
"1489","during"
"1490","the"
"1491","october"
"1492","to"
"1493","december"
"1494","period"
"1495","briefings"
"1496","on"
"1497","superfund"
"1498","issues"
"1499","for"
"1500","key"
"1501","media"
"1502","continued"
"1503","during"
"1504","the"
"1505","period"
"1506","and"
"1507","were"
"1508","concentrated"
"1509","on"
"1510","washington"
"1511","correspondents"
"1512","for"
"1513","the"
"1514","following"
"1515","newspapers"
"1516","and"
"1517","news"
"1518","organizations"
"1519","associated"
"1520","press"
"1521","dow"
"1522","jones"
"1523","news"
"1524","service"
"1525","charleston"
"1526","wv"
"1527","daily"
"1528","mail"
"1529","ottaway"
"1530","news"
"1531","service"
"1532","detroit"
"1533","mich"
"1534","free"
"1535","press"
"1536","scrippshoward"
"1537","news"
"1538","services"
"1539","usa"
"1540","today"
"1541","wall"
"1542","street"
"1543","journal"
"1544","chicago"
"1545","tribune"
"1546","chicago"
"1547","suntimes"
"1548","congsional"
"1549","quarterly"
"1550","newhouse"
"1551","news"
"1552","service"
"1553","and"
"1554","gannett"
"1555","news"
"1556","service"
"1557","during"
"1558","the"
"1559","last"
"1560","eight"
"1561","months"
"1562","of"
"1563","cma"
"1564","officers"
"1565","membercompany"
"1566","representatives"
"1567","and"
"1568","association"
"1569","staff"
"1570","have"
"1571","participated"
"1572","in"
"1573","briefings"
"1574","on"
"1575","superfund"
"1576","issues"
"1577","in"
"1578","more"
"1579","than"
"1580","cities"
"1581","television"
"1582","and"
"1583","radio"
"1584","activity"
"1585","increased"
"1586","during"
"1587","the"
"1588","period"
"1589","on"
"1590","superfund"
"1591","issues"
"1592","especially"
"1593","during"
"1594","november"
"1595","and"
"1596","december"
"1597","cma"
"1598","made"
"1599","extensive"
"1600","use"
"1601","of"
"1602","its"
"1603","alternative"
"1604","tv"
"1605","network"
"1606","providing"
"1607","specially"
"1608","targeted"
"1609","newsfeeds"
"1610","to"
"1611","key"
"1612","congressional"
"1613","districts"
"1614","subjects"
"1615","covered"
"1616","in"
"1617","the"
"1618","newsfeeds"
"1619","included"
"1620","the"
"1621","economic"
"1622","impact"
"1623","of"
"1624","downey"
"1625","superfund"
"1626","funding"
"1627","proposal"
"1628","on"
"1629","chemical"
"1630","producers"
"1631","propriety"
"1632","of"
"1633","ways"
"1634","and"
"1635","means"
"1636","committee"
"1637","passed"
"1638","version"
"1639","of"
"1640","superfund"
"1641","funding"
"1642","and"
"1643","identification"
"1644","of"
"1645","industries"
"1646","which"
"1647","have"
"1648","contributed"
"1649","waste"
"1650","to"
"1651","superfund"
"1652","sites"
"1653","that"
"1654","pay"
"1655","no"
"1656","superfund"
"1657","taxes"
"1658","targeted"
"1659","tv"
"1660","newsfeeds"
"1661","were"
"1662","distributed"
"1663","in"
"1664","nearly"
"1665","key"
"1666","congressional"
"1667","districts"
"1668","usage"
"1669","depending"
"1670","on"
"1671","the"
"1672","subject"
"1673","ran"
"1674","between"
"1675","and"
"1676","market"
"1677","reach"
"1678","of"
"1679","the"
"1680","targeted"
"1681","newsfeeds"
"1682","ranged"
"1683","from"
"1684","million"
"1685","to"
"1686","million"
"1687","people"
"1688","radio"
"1689","newsfeeds"
"1690","were"
"1691","also"
"1692","produced"
"1693","on"
"1694","similar"
"1695","superfund"
"1696","issues"
"1697","during"
"1698","the"
"1699","period"
"1700","usage"
"1701","averaged"
"1702","nearly"
"1703","the"
"1704","department"
"1705","also"
"1706","assisted"
"1707","in"
"1708","preparation"
"1709","of"
"1710","written"
"1711","materials"
"1712","for"
"1713","the"
"1714","government"
"1715","relations"
"1716","staff"
"1717","for"
"1718","use"
"1719","during"
"1720","house"
"1721","superfund"
"1722","floor"
"1723","debates"
"1724","page"
"1725","cma"
"1726","immediately"
"1727","prior"
"1728","to"
"1729","the"
"1730","house"
"1731","vote"
"1732","on"
"1733","superfund"
"1734","the"
"1735","department"
"1736","prepared"
"1737","and"
"1738","placed"
"1739","a"
"1740","full"
"1741","page"
"1742","advertisement"
"1743","in"
"1744","the"
"1745","washington"
"1746","post"
"1747","urging"
"1748","members"
"1749","to"
"1750","vote"
"1751","no"
"1752","on"
"1753","the"
"1754","downey"
"1755","amendment"
"1756","epa"
"1757","is"
"1758","distributing"
"1759","cleaning"
"1760","up"
"1761","cmas"
"1762","waste"
"1763","site"
"1764","cleanup"
"1765","film"
"1766","to"
"1767","its"
"1768","regional"
"1769","offices"
"1770","for"
"1771","use"
"1772","in"
"1773","community"
"1774","relations"
"1775","programs"
"1776","the"
"1777","film"
"1778","has"
"1779","been"
"1780","distributed"
"1781","to"
"1782","more"
"1783","than"
"1784","television"
"1785","stations"
"1786","more"
"1787","than"
"1788","prints"
"1789","have"
"1790","been"
"1791","sold"
"1792","to"
"1793","cma"
"1794","member"
"1795","companies"
"1796","for"
"1797","use"
"1798","in"
"1799","community"
"1800","and"
"1801","employee"
"1802","relations"
"1803","programs"
"1804","cmas"
"1805","community"
"1806","information"
"1807","task"
"1808","group"
"1809","is"
"1810","launching"
"1811","a"
"1812","film"
"1813","distribution"
"1814","plan"
"1815","that"
"1816","includes"
"1817","cic"
"1818","involvement"
"1819","personal"
"1820","television"
"1821","contacts"
"1822","publicity"
"1823","national"
"1824","platforms"
"1825","for"
"1826","screening"
"1827","and"
"1828","promoting"
"1829","the"
"1830","film"
"1831","hazardous"
"1832","waste"
"1833","management"
"1834","rcra"
"1835","regulatory"
"1836","developments"
"1837","and"
"1838","response"
"1839","land"
"1840","ban"
"1841","prohibitions"
"1842","in"
"1843","early"
"1844","january"
"1845","epa"
"1846","will"
"1847","propose"
"1848","its"
"1849","first"
"1850","set"
"1851","of"
"1852","rules"
"1853","to"
"1854","prohibit"
"1855","the"
"1856","disposal"
"1857","of"
"1858","many"
"1859","hazardous"
"1860","wastes"
"1861","in"
"1862","or"
"1863","on"
"1864","the"
"1865","ground"
"1866","land"
"1867","disposal"
"1868","will"
"1869","be"
"1870","prohibited"
"1871","unless"
"1872","the"
"1873","level"
"1874","of"
"1875","of"
"1876","the"
"1877","hazardous"
"1878","constituents"
"1879","in"
"1880","the"
"1881","waste"
"1882","is"
"1883","less"
"1884","than"
"1885","the"
"1886","health"
"1887","based"
"1888","standard"
"1889","epa"
"1890","will"
"1891","establish"
"1892","for"
"1893","over"
"1894","hazardous"
"1895","constituents"
"1896","or"
"1897","the"
"1898","best"
"1899","available"
"1900","technology"
"1901","is"
"1902","used"
"1903","to"
"1904","treat"
"1905","the"
"1906","waste"
"1907","to"
"1908","reduce"
"1909","the"
"1910","hazards"
"1911","the"
"1912","rcra"
"1913","regulations"
"1914","task"
"1915","group"
"1916","will"
"1917","prepare"
"1918","comments"
"1919","on"
"1920","this"
"1921","important"
"1922","and"
"1923","lengthy"
"1924","new"
"1925","rule"
"1926","inorganic"
"1927","leaching"
"1928","model"
"1929","on"
"1930","november"
"1931","epa"
"1932","issued"
"1933","a"
"1934","final"
"1935","rule"
"1936","adopting"
"1937","a"
"1938","model"
"1939","that"
"1940","predicts"
"1941","the"
"1942","leaching"
"1943","migration"
"1944","and"
"1945","persistence"
"1946","of"
"1947","inorganic"
"1948","wastes"
"1949","in"
"1950","the"
"1951","land"
"1952","epa"
"1953","will"
"1954","use"
"1955","the"
"1956","model"
"1957","to"
"1958","determine"
"1959","which"
"1960","inorganic"
"1961","materials"
"1962","should"
"1963","be"
"1964","listeddelisted"
"1965","as"
"1966","hazardous"
"1967","wastes"
"1968","the"
"1969","model"
"1970","with"
"1971","some"
"1972","variations"
"1973","will"
"1974","also"
"1975","be"
"1976","used"
"1977","to"
"1978","determine"
"1979","which"
"1980","inorganic"
"1981","wastes"
"1982","will"
"1983","be"
"1984","banned"
"1985","from"
"1986","land"
"1987","disposal"
"1988","the"
"1989","rcra"
"1990","regulations"
"1991","task"
"1992","group"
"1993","commented"
"1994","on"
"1995","the"
"1996","proposed"
"1997","rule"
"1998","and"
"1999","is"
"2000","reviewing"
"2001","the"
"2002","final"
"2003","rule"
"2004","to"
"2005","determine"
"2006","whether"
"2007","to"
"2008","challenge"
"2009","it"
"2010","in"
"2011","court"
"2012","organic"
"2013","leaching"
"2014","model"
"2015","on"
"2016","november"
"2017","epa"
"2018","proposed"
"2019","a"
"2020","model"
"2021","for"
"2022","predicting"
"2023","the"
"2024","leaching"
"2025","migration"
"2026","and"
"2027","persistence"
"2028","or"
"2029","organic"
"2030","wastes"
"2031","the"
"2032","methodology"
"2033","and"
"2034","intended"
"2035","use"
"2036","of"
"2037","the"
"2038","organic"
"2039","model"
"2040","is"
"2041","similar"
"2042","to"
"2043","the"
"2044","inorganic"
"2045","model"
"2046","discussed"
"2047","above"
"2048","the"
"2049","rcra"
"2050","regulations"
"2051","task"
"2052","group"
"2053","is"
"2054","preparing"
"2055","comments"
"2056","for"
"2057","filing"
"2058","on"
"2059","january"
"2060","burning"
"2061","of"
"2062","hazardous"
"2063","waste"
"2064","in"
"2065","boilers"
"2066","cma"
"2067","will"
"2068","participate"
"2069","in"
"2070","a"
"2071","keystone"
"2072","workshop"
"2073","on"
"2074","january"
"2075","regarding"
"2076","the"
"2077","issue"
"2078","of"
"2079","burning"
"2080","hazardous"
"2081","waste"
"2082","in"
"2083","boilers"
"2084","a"
"2085","consensus"
"2086","may"
"2087","emerge"
"2088","that"
"2089","could"
"2090","form"
"2091","the"
"2092","basis"
"2093","of"
"2094","a"
"2095","rule"
"2096","epa"
"2097","is"
"2098","developing"
"2099","to"
"2100","regulate"
"2101","this"
"2102","activity"
"2103","the"
"2104","boiler"
"2105","work"
"2106","group"
"2107","has"
"2108","prepared"
"2109","a"
"2110","regulatory"
"2111","proposal"
"2112","that"
"2113","cma"
"2114","will"
"2115","present"
"2116","at"
"2117","the"
"2118","page"
"2119","cma"
"2120","workshop"
"2121","the"
"2122","proposal"
"2123","divides"
"2124","hazardous"
"2125","waste"
"2126","burning"
"2127","into"
"2128","three"
"2129","categories"
"2130","with"
"2131","greater"
"2132","regulation"
"2133","for"
"2134","fuel"
"2135","that"
"2136","contains"
"2137","the"
"2138","largest"
"2139","percentage"
"2140","of"
"2141","hazardous"
"2142","waste"
"2143","policy"
"2144","development"
"2145","analytical"
"2146","and"
"2147","program"
"2148","activities"
"2149","hazardous"
"2150","waste"
"2151","survey"
"2152","the"
"2153","emcs"
"2154","rcra"
"2155","regulations"
"2156","task"
"2157","group"
"2158","has"
"2159","published"
"2160","the"
"2161","results"
"2162","of"
"2163","the"
"2164","hazardous"
"2165","waste"
"2166","survey"
"2167","of"
"2168","member"
"2169","companies"
"2170","the"
"2171","results"
"2172","show"
"2173","a"
"2174","continuing"
"2175","trend"
"2176","of"
"2177","decreased"
"2178","reliance"
"2179","on"
"2180","landfills"
"2181","for"
"2182","disposal"
"2183","of"
"2184","hazardous"
"2185","waste"
"2186","but"
"2187","an"
"2188","increased"
"2189","reliance"
"2190","on"
"2191","incinerators"
"2192","for"
"2193","disposal"
"2194","the"
"2195","survey"
"2196","trend"
"2197","analysis"
"2198","compares"
"2199","disposal"
"2200","practices"
"2201","for"
"2202","the"
"2203","years"
"2204","hazardous"
"2205","waste"
"2206","survey"
"2207","the"
"2208","emc"
"2209","has"
"2210","authorized"
"2211","the"
"2212","rcra"
"2213","regulations"
"2214","task"
"2215","group"
"2216","to"
"2217","conduct"
"2218","a"
"2219","hazardous"
"2220","waste"
"2221","survey"
"2222","of"
"2223","member"
"2224","companies"
"2225","the"
"2226","survey"
"2227","to"
"2228","be"
"2229","completed"
"2230","later"
"2231","in"
"2232","will"
"2233","provide"
"2234","cma"
"2235","with"
"2236","the"
"2237","most"
"2238","recent"
"2239","data"
"2240","on"
"2241","the"
"2242","waste"
"2243","disposal"
"2244","practices"
"2245","of"
"2246","the"
"2247","member"
"2248","companies"
"2249","the"
"2250","raw"
"2251","data"
"2252","and"
"2253","trends"
"2254","analyses"
"2255","are"
"2256","valuable"
"2257","advocacy"
"2258","tools"
"2259","for"
"2260","legislative"
"2261","and"
"2262","regulatory"
"2263","matters"
"2264","concerning"
"2265","hazardous"
"2266","waste"
"2267","management"
"2268","rcra"
"2269","codification"
"2270","rule"
"2271","litigation"
"2272","the"
"2273","emc"
"2274","authorized"
"2275","cma"
"2276","to"
"2277","intervene"
"2278","in"
"2279","litigation"
"2280","challenging"
"2281","epas"
"2282","regulations"
"2283","designed"
"2284","to"
"2285","codify"
"2286","many"
"2287","of"
"2288","the"
"2289","new"
"2290","requirements"
"2291","of"
"2292","the"
"2293","hazardous"
"2294","and"
"2295","solid"
"2296","waste"
"2297","amendments"
"2298","of"
"2299","these"
"2300","regulations"
"2301","cover"
"2302","the"
"2303","bulk"
"2304","liquid"
"2305","ban"
"2306","minimum"
"2307","technological"
"2308","requirements"
"2309","the"
"2310","continuing"
"2311","releases"
"2312","provision"
"2313","the"
"2314","interim"
"2315","small"
"2316","quantity"
"2317","generator"
"2318","provisions"
"2319","the"
"2320","preconstruction"
"2321","ban"
"2322","the"
"2323","labelling"
"2324","requirements"
"2325","for"
"2326","hazardous"
"2327","waste"
"2328","fuels"
"2329","the"
"2330","recordkeeping"
"2331","requirements"
"2332","for"
"2333","hazardous"
"2334","waste"
"2335","exports"
"2336","the"
"2337","waste"
"2338","minimize"
"2339","provisions"
"2340","and"
"2341","collection"
"2342","systems"
"2343","and"
"2344","groundwater"
"2345","monitoring"
"2346","provisions"
"2347","although"
"2348","these"
"2349","requirements"
"2350","were"
"2351","supposed"
"2352","to"
"2353","merely"
"2354","codify"
"2355","statutory"
"2356","language"
"2357","the"
"2358","final"
"2359","regulations"
"2360","either"
"2361","added"
"2362","provisions"
"2363","andor"
"2364","deleted"
"2365","certain"
"2366","limiting"
"2367","factors"
"2368","supreme"
"2369","court"
"2370","hazardous"
"2371","waste"
"2372","siting"
"2373","litigation"
"2374","the"
"2375","emc"
"2376","has"
"2377","authorized"
"2378","cma"
"2379","filing"
"2380","an"
"2381","amicus"
"2382","brief"
"2383","in"
"2384","the"
"2385","us"
"2386","supreme"
"2387","courtâ€™s"
"2388","consideration"
"2389","of"
"2390","a"
"2391","local"
"2392","ordinance"
"2393","banning"
"2394","all"
"2395","permanent"
"2396","onsite"
"2397","disposal"
"2398","facilities"
"2399","within"
"2400","the"
"2401","city"
"2402","of"
"2403","fairmont"
"2404","w"
"2405","va"
"2406","the"
"2407","questions"
"2408","to"
"2409","be"
"2410","addressed"
"2411","by"
"2412","the"
"2413","court"
"2414","are"
"2415","whether"
"2416","rcra"
"2417","preempts"
"2418","a"
"2419","local"
"2420","ordinances"
"2421","prohibition"
"2422","of"
"2423","all"
"2424","disposal"
"2425","of"
"2426","hazardous"
"2427","waste"
"2428","pursuant"
"2429","to"
"2430","a"
"2431","federal"
"2432","permit"
"2433","and"
"2434","can"
"2435","a"
"2436","locality"
"2437","prohibit"
"2438","all"
"2439","hazardous"
"2440","waste"
"2441","disposal"
"2442","within"
"2443","its"
"2444","borders"
"2445","the"
"2446","resolution"
"2447","of"
"2448","this"
"2449","case"
"2450","will"
"2451","have"
"2452","a"
"2453","longterm"
"2454","impact"
"2455","on"
"2456","the"
"2457","way"
"2458","industry"
"2459","plansmanages"
"2460","its"
"2461","wastes"
"2462","burning"
"2463","in"
"2464","boilers"
"2465","position"
"2466","paper"
"2467","the"
"2468","emc"
"2469","approved"
"2470","a"
"2471","revised"
"2472","position"
"2473","paper"
"2474","concerning"
"2475","regulation"
"2476","of"
"2477","the"
"2478","burning"
"2479","of"
"2480","hazardous"
"2481","wastes"
"2482","in"
"2483","industrial"
"2484","boilers"
"2485","the"
"2486","revisions"
"2487","reflect"
"2488","the"
"2489","hazardous"
"2490","and"
"2491","solid"
"2492","waste"
"2493","amendments"
"2494","the"
"2495","revised"
"2496","position"
"2497","paper"
"2498","will"
"2499","be"
"2500","used"
"2501","to"
"2502","respond"
"2503","to"
"2504","epas"
"2505","anticipated"
"2506","proposed"
"2507","regulation"
"2508","of"
"2509","the"
"2510","burning"
"2511","of"
"2512","hazardous"
"2513","wastes"
"2514","page"
"2515","cma"
"2516","in"
"2517","industrial"
"2518","boilers"
"2519","in"
"2520","addition"
"2521","the"
"2522","position"
"2523","paper"
"2524","will"
"2525","be"
"2526","used"
"2527","in"
"2528","a"
"2529","cma"
"2530","sponsored"
"2531","keystone"
"2532","conference"
"2533","on"
"2534","burning"
"2535","hazardous"
"2536","wastes"
"2537","in"
"2538","industrial"
"2539","boilers"
"2540","industry"
"2541","government"
"2542","and"
"2543","environmental"
"2544","representatives"
"2545","have"
"2546","been"
"2547","invited"
"2548","to"
"2549","participate"
"2550","in"
"2551","this"
"2552","consensus"
"2553","development"
"2554","conference"
"2555","underground"
"2556","injection"
"2557","control"
"2558","project"
"2559","epa"
"2560","regulatory"
"2561","issues"
"2562","the"
"2563","underground"
"2564","injection"
"2565","control"
"2566","task"
"2567","group"
"2568","developed"
"2569","a"
"2570","list"
"2571","of"
"2572","regulatory"
"2573","issues"
"2574","epa"
"2575","needs"
"2576","to"
"2577","resolve"
"2578","as"
"2579","part"
"2580","of"
"2581","the"
"2582","regulatory"
"2583","development"
"2584","process"
"2585","for"
"2586","land"
"2587","disposal"
"2588","ban"
"2589","decisions"
"2590","of"
"2591","hazardous"
"2592","wastes"
"2593","disposed"
"2594","by"
"2595","underground"
"2596","injection"
"2597","the"
"2598","resolution"
"2599","of"
"2600","many"
"2601","of"
"2602","these"
"2603","issues"
"2604","may"
"2605","have"
"2606","a"
"2607","direct"
"2608","impact"
"2609","on"
"2610","whether"
"2611","or"
"2612","not"
"2613","certain"
"2614","wastes"
"2615","will"
"2616","ultimately"
"2617","be"
"2618","allowed"
"2619","to"
"2620","be"
"2621","disposed"
"2622","by"
"2623","underground"
"2624","injection"
"2625","the"
"2626","questions"
"2627","address"
"2628","technical"
"2629","legal"
"2630","and"
"2631","policy"
"2632","issues"
"2633","uipc"
"2634","sponsored"
"2635","regulatory"
"2636","negotiations"
"2637","cmas"
"2638","underground"
"2639","injection"
"2640","control"
"2641","group"
"2642","has"
"2643","been"
"2644","invited"
"2645","to"
"2646","participate"
"2647","in"
"2648","a"
"2649","underground"
"2650","injection"
"2651","practices"
"2652","council"
"2653","uipc"
"2654","exploratory"
"2655","meeting"
"2656","to"
"2657","determine"
"2658","if"
"2659","the"
"2660","rcra"
"2661","land"
"2662","disposal"
"2663","ban"
"2664","applicable"
"2665","to"
"2666","underground"
"2667","injection"
"2668","of"
"2669","hazardous"
"2670","wastes"
"2671","issue"
"2672","is"
"2673","appropriate"
"2674","for"
"2675","regulatory"
"2676","negotiations"
"2677","the"
"2678","initial"
"2679","meeting"
"2680","is"
"2681","to"
"2682","determine"
"2683","if"
"2684","enough"
"2685","regulatory"
"2686","issues"
"2687","exist"
"2688","that"
"2689","are"
"2690","amenable"
"2691","to"
"2692","meaningful"
"2693","and"
"2694","successful"
"2695","negotiations"
"2696","a"
"2697","fundamental"
"2698","question"
"2699","to"
"2700","be"
"2701","resolved"
"2702","at"
"2703","the"
"2704","exploratory"
"2705","meeting"
"2706","is"
"2707","whether"
"2708","all"
"2709","concerned"
"2710","parties"
"2711","are"
"2712","willing"
"2713","to"
"2714","participate"
"2715","in"
"2716","a"
"2717","negotiation"
"2718","activity"
"2719","litigation"
"2720","and"
"2721","related"
"2722","activities"
"2723","definition"
"2724","of"
"2725","solid"
"2726","waste"
"2727","cma"
"2728","is"
"2729","challenging"
"2730","in"
"2731","the"
"2732","court"
"2733","of"
"2734","appeals"
"2735","epas"
"2736","january"
"2737","rule"
"2738","defining"
"2739","solid"
"2740","waste"
"2741","to"
"2742","include"
"2743","materials"
"2744","resulting"
"2745","from"
"2746","a"
"2747","manufacturing"
"2748","process"
"2749","or"
"2750","used"
"2751","in"
"2752","a"
"2753","manufacturing"
"2754","process"
"2755","that"
"2756","are"
"2757","reclaimed"
"2758","and"
"2759","reused"
"2760","in"
"2761","a"
"2762","closedloop"
"2763","manner"
"2764","in"
"2765","thd"
"2766","same"
"2767","manufacturing"
"2768","process"
"2769","this"
"2770","rule"
"2771","would"
"2772","subject"
"2773","to"
"2774","the"
"2775","panoply"
"2776","of"
"2777","rcra"
"2778","regulation"
"2779","an"
"2780","estimated"
"2781","to"
"2782","tanks"
"2783","used"
"2784","by"
"2785","cma"
"2786","members"
"2787","in"
"2788","their"
"2789","manufacturing"
"2790","operations"
"2791","as"
"2792","part"
"2793","of"
"2794","the"
"2795","litigation"
"2796","cma"
"2797","has"
"2798","convinced"
"2799","epa"
"2800","to"
"2801","propose"
"2802","an"
"2803","amendment"
"2804","to"
"2805","its"
"2806","rules"
"2807","that"
"2808","would"
"2809","exclude"
"2810","this"
"2811","closedloop"
"2812","reclamation"
"2813","from"
"2814","epa"
"2815","jurisdiction"
"2816","epa"
"2817","proposed"
"2818","such"
"2819","an"
"2820","amendment"
"2821","on"
"2822","december"
"2823","and"
"2824","cma"
"2825","will"
"2826","file"
"2827","comments"
"2828","supporting"
"2829","the"
"2830","amendment"
"2831","codification"
"2832","rulecorrective"
"2833","action"
"2834","cma"
"2835","has"
"2836","intervened"
"2837","in"
"2838","a"
"2839","challenge"
"2840","to"
"2841","epas"
"2842","july"
"2843","rule"
"2844","codifying"
"2845","the"
"2846","rcra"
"2847","amendments"
"2848","the"
"2849","challenge"
"2850","involves"
"2851","among"
"2852","other"
"2853","issues"
"2854","the"
"2855","question"
"2856","of"
"2857","to"
"2858","what"
"2859","extent"
"2860","must"
"2861","owners"
"2862","of"
"2863","waste"
"2864","facilities"
"2865","repair"
"2866","the"
"2867","environment"
"2868","damaged"
"2869","by"
"2870","prior"
"2871","releases"
"2872","cma"
"2873","is"
"2874","monitoring"
"2875","the"
"2876","litigation"
"2877","and"
"2878","may"
"2879","participate"
"2880","in"
"2881","settlement"
"2882","negotiations"
"2883","with"
"2884","epa"
"2885","aimed"
"2886","at"
"2887","clarifying"
"2888","the"
"2889","rule"
"2890","air"
"2891","i"
"2892","page"
"2893","cma"
"2894","congressional"
"2895","developments"
"2896","and"
"2897","response"
"2898","house"
"2899","activity"
"2900","the"
"2901","housepassed"
"2902","superfund"
"2903","legislation"
"2904","contains"
"2905","a"
"2906","community"
"2907","righttoknow"
"2908","amendment"
"2909","sponsored"
"2910","by"
"2911","rep"
"2912","bob"
"2913","edgar"
"2914","dpa"
"2915","including"
"2916","air"
"2917","emissions"
"2918","reporting"
"2919","requirements"
"2920","see"
"2921","further"
"2922","description"
"2923","under"
"2924","righttoknow"
"2925","the"
"2926","edgar"
"2927","amendment"
"2928","even"
"2929","if"
"2930","altered"
"2931","in"
"2932","conference"
"2933","will"
"2934","affect"
"2935","future"
"2936","air"
"2937","toxics"
"2938","legislation"
"2939","currently"
"2940","the"
"2941","only"
"2942","fullscale"
"2943","air"
"2944","toxics"
"2945","bill"
"2946","is"
"2947","hr"
"2948","which"
"2949","rep"
"2950","henry"
"2951","waxman"
"2952","dca"
"2953","introduced"
"2954","since"
"2955","waxman"
"2956","held"
"2957","hearings"
"2958","on"
"2959","hr"
"2960","last"
"2961","june"
"2962","he"
"2963","has"
"2964","been"
"2965","preoccupied"
"2966","with"
"2967","superfund"
"2968","and"
"2969","other"
"2970","issues"
"2971","in"
"2972","fact"
"2973","waxman"
"2974","actively"
"2975","supported"
"2976","and"
"2977","worked"
"2978","for"
"2979","the"
"2980","edgar"
"2981","amendment"
"2982","early"
"2983","in"
"2984","waxman"
"2985","reportedly"
"2986","plans"
"2987","to"
"2988","resume"
"2989","efforts"
"2990","toward"
"2991","full"
"2992","scale"
"2993","air"
"2994","toxics"
"2995","legislation"
"2996","this"
"2997","could"
"2998","mean"
"2999","additional"
"3000","hearings"
"3001","changes"
"3002","in"
"3003","hr"
"3004","or"
"3005","new"
"3006","proposals"
"3007","in"
"3008","anticipation"
"3009","rep"
"3010","john"
"3011","dingell"
"3012","dmi"
"3013","continues"
"3014","to"
"3015","collect"
"3016","information"
"3017","and"
"3018","data"
"3019","from"
"3020","epa"
"3021","and"
"3022","other"
"3023","sources"
"3024","regarding"
"3025","air"
"3026","emissions"
"3027","and"
"3028","control"
"3029","cma"
"3030","will"
"3031","address"
"3032","the"
"3033","edgar"
"3034","amendment"
"3035","in"
"3036","the"
"3037","house"
"3038","and"
"3039","senate"
"3040","conference"
"3041","on"
"3042","superfund"
"3043","and"
"3044","is"
"3045","preparing"
"3046","for"
"3047","additional"
"3048","air"
"3049","toxics"
"3050","activity"
"3051","in"
"3052","senate"
"3053","activity"
"3054","the"
"3055","senatepassed"
"3056","superfund"
"3057","legislation"
"3058","also"
"3059","contains"
"3060","community"
"3061","righttoknow"
"3062","emission"
"3063","reporting"
"3064","requirements"
"3065","including"
"3066","air"
"3067","emissions"
"3068","cma"
"3069","also"
"3070","will"
"3071","address"
"3072","this"
"3073","provision"
"3074","sponsored"
"3075","by"
"3076","senator"
"3077","frank"
"3078","lautenberg"
"3079","dnj"
"3080","in"
"3081","the"
"3082","conference"
"3083","on"
"3084","superfund"
"3085","there"
"3086","have"
"3087","been"
"3088","no"
"3089","senate"
"3090","hearings"
"3091","or"
"3092","full"
"3093","scale"
"3094","air"
"3095","toxics"
"3096","proposals"
"3097","however"
"3098","senate"
"3099","hearings"
"3100","on"
"3101","acid"
"3102","rain"
"3103","began"
"3104","in"
"3105","december"
"3106","and"
"3107","air"
"3108","toxics"
"3109","may"
"3110","be"
"3111","the"
"3112","next"
"3113","topic"
"3114","in"
"3115","the"
"3116","environment"
"3117","public"
"3118","works"
"3119","committee"
"3120","regulatory"
"3121","developments"
"3122","and"
"3123","response"
"3124","chromium"
"3125","comments"
"3126","the"
"3127","emcs"
"3128","process"
"3129","emission"
"3130","regulations"
"3131","task"
"3132","group"
"3133","submitted"
"3134","comments"
"3135","to"
"3136","epa"
"3137","on"
"3138","the"
"3139","agencys"
"3140","notice"
"3141","of"
"3142","intent"
"3143","to"
"3144","list"
"3145","chromium"
"3146","and"
"3147","hexavalent"
"3148","chromium"
"3149","as"
"3150","hazardous"
"3151","air"
"3152","pollutants"
"3153","cmas"
"3154","comments"
"3155","focused"
"3156","on"
"3157","the"
"3158","technical"
"3159","adequacy"
"3160","of"
"3161","exposure"
"3162","assessments"
"3163","conducted"
"3164","by"
"3165","epa"
"3166","and"
"3167","the"
"3168","use"
"3169","of"
"3170","chromium"
"3171","in"
"3172","cooling"
"3173","towers"
"3174","and"
"3175","the"
"3176","need"
"3177","for"
"3178","more"
"3179","technical"
"3180","analyses"
"3181","on"
"3182","whether"
"3183","the"
"3184","chromium"
"3185","emissions"
"3186","result"
"3187","in"
"3188","ambient"
"3189","problems"
"3190","emissions"
"3191","trading"
"3192","policy"
"3193","petition"
"3194","cma"
"3195","in"
"3196","conjunction"
"3197","with"
"3198","other"
"3199","industry"
"3200","groups"
"3201","has"
"3202","petitioned"
"3203","epa"
"3204","to"
"3205","publish"
"3206","an"
"3207","emissions"
"3208","trading"
"3209","policy"
"3210","more"
"3211","in"
"3212","line"
"3213","with"
"3214","the"
"3215","original"
"3216","intent"
"3217","negotiated"
"3218","between"
"3219","epa"
"3220","and"
"3221","parties"
"3222","challenging"
"3223","an"
"3224","earlier"
"3225","epa"
"3226","air"
"3227","emissions"
"3228","policy"
"3229","the"
"3230","most"
"3231","recent"
"3232","draft"
"3233","of"
"3234","page"
"3235","cma"
"3236","an"
"3237","air"
"3238","emissions"
"3239","trading"
"3240","policy"
"3241","appeared"
"3242","to"
"3243","fundamentally"
"3244","change"
"3245","course"
"3246","and"
"3247","undercut"
"3248","the"
"3249","utility"
"3250","of"
"3251","an"
"3252","emissions"
"3253","trading"
"3254","policy"
"3255","the"
"3256","goal"
"3257","of"
"3258","the"
"3259","industry"
"3260","petition"
"3261","is"
"3262","to"
"3263","persuade"
"3264","epa"
"3265","to"
"3266","publish"
"3267","an"
"3268","emissions"
"3269","trading"
"3270","policy"
"3271","that"
"3272","facilitates"
"3273","industry"
"3274","growth"
"3275","and"
"3276","protects"
"3277","the"
"3278","environment"
"3279","secondary"
"3280","emissions"
"3281","comments"
"3282","the"
"3283","emcs"
"3284","process"
"3285","qnission"
"3286","regulations"
"3287","task"
"3288","group"
"3289","submitted"
"3290","comments"
"3291","to"
"3292","epa"
"3293","on"
"3294","a"
"3295","technical"
"3296","report"
"3297","on"
"3298","developing"
"3299","a"
"3300","program"
"3301","of"
"3302","air"
"3303","regulations"
"3304","at"
"3305","hazardous"
"3306","waste"
"3307","treatment"
"3308","storage"
"3309","and"
"3310","disposal"
"3311","facilities"
"3312","cmas"
"3313","comments"
"3314","focused"
"3315","on"
"3316","technical"
"3317","aspects"
"3318","of"
"3319","estimating"
"3320","air"
"3321","emissions"
"3322","from"
"3323","hazardous"
"3324","waste"
"3325","disposal"
"3326","sites"
"3327","the"
"3328","comments"
"3329","are"
"3330","designed"
"3331","to"
"3332","assist"
"3333","in"
"3334","developing"
"3335","better"
"3336","and"
"3337","more"
"3338","accurate"
"3339","predictive"
"3340","models"
"3341","for"
"3342","estimating"
"3343","air"
"3344","emissions"
"3345","from"
"3346","the"
"3347","units"
"3348","comprising"
"3349","waste"
"3350","disposal"
"3351","facilities"
"3352","policy"
"3353","development"
"3354","analytical"
"3355","and"
"3356","program"
"3357","activities"
"3358","i"
"3359","recommended"
"3360","air"
"3361","toxics"
"3362","legislative"
"3363","principles"
"3364","the"
"3365","emc"
"3366","has"
"3367","approved"
"3368","recommended"
"3369","principles"
"3370","for"
"3371","addressing"
"3372","federal"
"3373","and"
"3374","state"
"3375","air"
"3376","toxics"
"3377","legislation"
"3378","the"
"3379","recommended"
"3380","principles"
"3381","address"
"3382","both"
"3383","routine"
"3384","emissions"
"3385","and"
"3386","accidental"
"3387","emissions"
"3388","the"
"3389","principles"
"3390","if"
"3391","adopted"
"3392","by"
"3393","the"
"3394","board"
"3395","of"
"3396","directors"
"3397","will"
"3398","be"
"3399","used"
"3400","in"
"3401","developing"
"3402","cmas"
"3403","air"
"3404","toxics"
"3405","legislative"
"3406","advocacy"
"3407","programs"
"3408","at"
"3409","the"
"3410","federal"
"3411","and"
"3412","state"
"3413","level"
"3414","proposed"
"3415","air"
"3416","toxics"
"3417","control"
"3418","policy"
"3419","the"
"3420","emc"
"3421","has"
"3422","assisted"
"3423","members"
"3424","of"
"3425","the"
"3426","executive"
"3427","committee"
"3428","in"
"3429","developing"
"3430","a"
"3431","proposed"
"3432","air"
"3433","toxics"
"3434","control"
"3435","policy"
"3436","as"
"3437","part"
"3438","of"
"3439","this"
"3440","activity"
"3441","emc"
"3442","members"
"3443","drafted"
"3444","initial"
"3445","versions"
"3446","of"
"3447","the"
"3448","air"
"3449","toxics"
"3450","control"
"3451","policy"
"3452","and"
"3453","identified"
"3454","various"
"3455","options"
"3456","on"
"3457","how"
"3458","such"
"3459","a"
"3460","policy"
"3461","could"
"3462","be"
"3463","implemented"
"3464","by"
"3465","cma"
"3466","member"
"3467","companies"
"3468","if"
"3469","approved"
"3470","by"
"3471","cmas"
"3472","board"
"3473","of"
"3474","directors"
"3475","the"
"3476","emc"
"3477","plans"
"3478","a"
"3479","significant"
"3480","education"
"3481","and"
"3482","technical"
"3483","program"
"3484","to"
"3485","assist"
"3486","the"
"3487","member"
"3488","companies"
"3489","in"
"3490","implementing"
"3491","the"
"3492","air"
"3493","toxics"
"3494","control"
"3495","policy"
"3496","litigation"
"3497","and"
"3498","related"
"3499","activities"
"3500","benzene"
"3501","litigation"
"3502","cma"
"3503","has"
"3504","submitted"
"3505","its"
"3506","brief"
"3507","in"
"3508","a"
"3509","court"
"3510","suit"
"3511","brought"
"3512","by"
"3513","the"
"3514","natural"
"3515","resources"
"3516","defense"
"3517","council"
"3518","inc"
"3519","nrdc"
"3520","challenging"
"3521","epas"
"3522","emission"
"3523","standards"
"3524","for"
"3525","benzene"
"3526","under"
"3527","section"
"3528","of"
"3529","the"
"3530","clean"
"3531","air"
"3532","act"
"3533","the"
"3534","case"
"3535","revolves"
"3536","around"
"3537","the"
"3538","ample"
"3539","margin"
"3540","of"
"3541","safety"
"3542","test"
"3543","of"
"3544","section"
"3545","nrdc"
"3546","contends"
"3547","that"
"3548","epa"
"3549","is"
"3550","required"
"3551","to"
"3552","set"
"3553","zerorisk"
"3554","zero"
"3555","emission"
"3556","standards"
"3557","for"
"3558","all"
"3559","carcinogens"
"3560","cma"
"3561","and"
"3562","the"
"3563","american"
"3564","petroleum"
"3565","institute"
"3566","who"
"3567","also"
"3568","is"
"3569","a"
"3570","party"
"3571","are"
"3572","arguing"
"3573","in"
"3574","support"
"3575","of"
"3576","epas"
"3577","position"
"3578","that"
"3579","the"
"3580","agency"
"3581","is"
"3582","authorized"
"3583","to"
"3584","take"
"3585","cost"
"3586","and"
"3587","feasibility"
"3588","into"
"3589","account"
"3590","in"
"3591","setting"
"3592","emission"
"3593","standards"
"3594","radionuclides"
"3595","litigation"
"3596","on"
"3597","january"
"3598","cma"
"3599","filed"
"3600","its"
"3601","brief"
"3602","in"
"3603","a"
"3604","case"
"3605","involving"
"3606","emission"
"3607","standards"
"3608","for"
"3609","radionuclides"
"3610","this"
"3611","case"
"3612","which"
"3613","raises"
"3614","issues"
"3615","similar"
"3616","to"
"3617","those"
"3618","in"
"3619","the"
"3620","benzene"
"3621","litigation"
"3622","focuses"
"3623","on"
"3624","the"
"3625","ample"
"3626","margin"
"3627","of"
"3628","safety"
"3629","test"
"3630","of"
"3631","section"
"3632","of"
"3633","the"
"3634","clean"
"3635","air"
"3636","act"
"3637","nrdc"
"3638","again"
"3639","argues"
"3640","that"
"3641","epa"
"3642","must"
"3643","set"
"3644","zerorisk"
"3645","zero"
"3646","emission"
"3647","standards"
"3648","for"
"3649","page"
"3650","cma"
"3651","r"
"3652","i"
"3653","i"
"3654","all"
"3655","carcinogens"
"3656","cma"
"3657","counters"
"3658","that"
"3659","epa"
"3660","has"
"3661","flexibility"
"3662","under"
"3663","the"
"3664","statute"
"3665","to"
"3666","consider"
"3667","cost"
"3668","and"
"3669","feasibility"
"3670","in"
"3671","setting"
"3672","emission"
"3673","standards"
"3674","vinyl"
"3675","chloride"
"3676","litigation"
"3677","cma"
"3678","previously"
"3679","intervened"
"3680","in"
"3681","a"
"3682","court"
"3683","suit"
"3684","brought"
"3685","by"
"3686","nrdc"
"3687","challenging"
"3688","epas"
"3689","emission"
"3690","standards"
"3691","for"
"3692","vinyl"
"3693","chloride"
"3694","this"
"3695","case"
"3696","probably"
"3697","will"
"3698","be"
"3699","the"
"3700","first"
"3701","to"
"3702","decide"
"3703","the"
"3704","meaning"
"3705","of"
"3706","the"
"3707","ample"
"3708","margin"
"3709","of"
"3710","safety"
"3711","test"
"3712","in"
"3713","section"
"3714","of"
"3715","the"
"3716","clean"
"3717","air"
"3718","act"
"3719","all"
"3720","briefs"
"3721","have"
"3722","been"
"3723","filed"
"3724","and"
"3725","a"
"3726","decision"
"3727","is"
"3728","expected"
"3729","this"
"3730","spring"
"3731","communications"
"3732","the"
"3733","department"
"3734","prepared"
"3735","a"
"3736","summary"
"3737","and"
"3738","question"
"3739","and"
"3740","answer"
"3741","document"
"3742","on"
"3743","the"
"3744","dingell"
"3745","survey"
"3746","surface"
"3747","water"
"3748","congressional"
"3749","developments"
"3750","and"
"3751","response"
"3752","conference"
"3753","on"
"3754","clean"
"3755","water"
"3756","act"
"3757","amendments"
"3758","conference"
"3759","on"
"3760","the"
"3761","senate"
"3762","and"
"3763","house"
"3764","versions"
"3765","of"
"3766","s"
"3767","may"
"3768","occur"
"3769","before"
"3770","conference"
"3771","on"
"3772","superfund"
"3773","the"
"3774","timing"
"3775","depends"
"3776","upon"
"3777","resolution"
"3778","of"
"3779","the"
"3780","controversy"
"3781","over"
"3782","construction"
"3783","grants"
"3784","funding"
"3785","which"
"3786","is"
"3787","not"
"3788","an"
"3789","issue"
"3790","of"
"3791","direct"
"3792","concern"
"3793","to"
"3794","cma"
"3795","cmas"
"3796","five"
"3797","major"
"3798","issues"
"3799","on"
"3800","which"
"3801","the"
"3802","clean"
"3803","water"
"3804","act"
"3805","task"
"3806","group"
"3807","has"
"3808","begun"
"3809","distributing"
"3810","technical"
"3811","papers"
"3812","and"
"3813","discussing"
"3814","improvements"
"3815","needed"
"3816","by"
"3817","the"
"3818","conferees"
"3819","are"
"3820","the"
"3821","following"
"3822","o"
"3823","compliance"
"3824","deadlines"
"3825","cma"
"3826","supports"
"3827","the"
"3828","house"
"3829","version"
"3830","applying"
"3831","a"
"3832","years"
"3833","deadline"
"3834","o"
"3835","penalties"
"3836","cma"
"3837","supports"
"3838","the"
"3839","house"
"3840","version"
"3841","providing"
"3842","for"
"3843","administrative"
"3844","penalty"
"3845","hearing"
"3846","apa"
"3847","procedures"
"3848","fairer"
"3849","size"
"3850","of"
"3851","maximum"
"3852","administrative"
"3853","civil"
"3854","penalties"
"3855","citizen"
"3856","suit"
"3857","preclusion"
"3858","relative"
"3859","to"
"3860","administrative"
"3861","penalties"
"3862","fairer"
"3863","size"
"3864","of"
"3865","maximum"
"3866","judicial"
"3867","civil"
"3868","penalties"
"3869","and"
"3870","affirmative"
"3871","defense"
"3872","protection"
"3873","against"
"3874","criminal"
"3875","penalties"
"3876","o"
"3877","fundamentally"
"3878","different"
"3879","factors"
"3880","fdf"
"3881","variances"
"3882","cma"
"3883","supports"
"3884","the"
"3885","house"
"3886","version"
"3887","allowing"
"3888","use"
"3889","of"
"3890","fdf"
"3891","compared"
"3892","to"
"3893","the"
"3894","almost"
"3895","totally"
"3896","restrictive"
"3897","senate"
"3898","version"
"3899","o"
"3900","postbest"
"3901","available"
"3902","technology"
"3903","bat"
"3904","requirements"
"3905","cma"
"3906","prefers"
"3907","the"
"3908","senate"
"3909","version"
"3910","providing"
"3911","more"
"3912","time"
"3913","and"
"3914","state"
"3915","responsibility"
"3916","o"
"3917","storm"
"3918","water"
"3919","permits"
"3920","cma"
"3921","supports"
"3922","the"
"3923","house"
"3924","version"
"3925","which"
"3926","better"
"3927","targets"
"3928","the"
"3929","types"
"3930","of"
"3931","discharges"
"3932","that"
"3933","should"
"3934","be"
"3935","permitted"
"3936","and"
"3937","provides"
"3938","for"
"3939","a"
"3940","better"
"3941","regulatory"
"3942","program"
"3943","regulatory"
"3944","developments"
"3945","and"
"3946","response"
"3947","page"
"3948","cma"
"3949","ocpsf"
"3950","effluent"
"3951","guidelines"
"3952","comments"
"3953","emcs"
"3954","effluent"
"3955","guidelines"
"3956","task"
"3957","group"
"3958","developed"
"3959","comprehensive"
"3960","comments"
"3961","on"
"3962","epaâ€™s"
"3963","proposed"
"3964","revisions"
"3965","to"
"3966","the"
"3967","organic"
"3968","chemicals"
"3969","plastics"
"3970","and"
"3971","synthetic"
"3972","fibers"
"3973","ocpsf"
"3974","effluent"
"3975","guidelines"
"3976","cmas"
"3977","comments"
"3978","highlight"
"3979","technical"
"3980","problems"
"3981","in"
"3982","epas"
"3983","regulatory"
"3984","proposals"
"3985","and"
"3986","offer"
"3987","constructive"
"3988","alternatives"
"3989","to"
"3990","achieve"
"3991","the"
"3992","same"
"3993","environmental"
"3994","results"
"3995","cmas"
"3996","comments"
"3997","concentrate"
"3998","on"
"3999","epas"
"4000","failure"
"4001","to"
"4002","reflect"
"4003","the"
"4004","high"
"4005","levels"
"4006","of"
"4007","waste"
"4008","water"
"4009","treatment"
"4010","already"
"4011","in"
"4012","existence"
"4013","and"
"4014","the"
"4015","enormous"
"4016","additional"
"4017","costs"
"4018","that"
"4019","might"
"4020","be"
"4021","imposed"
"4022","with"
"4023","minimal"
"4024","environmental"
"4025","benefit"
"4026","to"
"4027","meet"
"4028","the"
"4029","proposed"
"4030","limits"
"4031","representatives"
"4032","of"
"4033","cma"
"4034","and"
"4035","its"
"4036","member"
"4037","companies"
"4038","met"
"4039","with"
"4040","epas"
"4041","assistant"
"4042","administrator"
"4043","for"
"4044","water"
"4045","and"
"4046","discussed"
"4047","cmas"
"4048","concern"
"4049","with"
"4050","the"
"4051","proposed"
"4052","revisions"
"4053","to"
"4054","the"
"4055","ocpsf"
"4056","effluent"
"4057","guidelines"
"4058","stormwater"
"4059","permit"
"4060","regulations"
"4061","comments"
"4062","emcs"
"4063","water"
"4064","permits"
"4065","task"
"4066","group"
"4067","submitted"
"4068","comments"
"4069","to"
"4070","epa"
"4071","on"
"4072","proposed"
"4073","revisions"
"4074","to"
"4075","the"
"4076","npdes"
"4077","stormwater"
"4078","regulations"
"4079","cma"
"4080","comments"
"4081","indicate"
"4082","general"
"4083","support"
"4084","for"
"4085","epas"
"4086","general"
"4087","permit"
"4088","approach"
"4089","but"
"4090","offers"
"4091","several"
"4092","modifications"
"4093","to"
"4094","remedy"
"4095","some"
"4096","industry"
"4097","concerns"
"4098","cma"
"4099","representatives"
"4100","discussed"
"4101","our"
"4102","recommedations"
"4103","with"
"4104","epa"
"4105","staff"
"4106","during"
"4107","the"
"4108","comment"
"4109","period"
"4110","generally"
"4111","the"
"4112","proposed"
"4113","revisions"
"4114","if"
"4115","modified"
"4116","in"
"4117","the"
"4118","final"
"4119","regulations"
"4120","will"
"4121","be"
"4122","a"
"4123","reasonable"
"4124","stormwater"
"4125","regulatory"
"4126","requirement"
"4127","priority"
"4128","pollutant"
"4129","listingdelisting"
"4130","comments"
"4131","the"
"4132","emcs"
"4133","water"
"4134","quality"
"4135","criteria"
"4136","and"
"4137","standards"
"4138","task"
"4139","group"
"4140","in"
"4141","conjunction"
"4142","with"
"4143","the"
"4144","phthalate"
"4145","esters"
"4146","panel"
"4147","has"
"4148","developed"
"4149","comments"
"4150","on"
"4151","epas"
"4152","report"
"4153","establishing"
"4154","a"
"4155","ranking"
"4156","list"
"4157","of"
"4158","section"
"4159","a"
"4160","priority"
"4161","pollutants"
"4162","the"
"4163","report"
"4164","offers"
"4165","industry"
"4166","an"
"4167","opportunity"
"4168","to"
"4169","delist"
"4170","certain"
"4171","chemicals"
"4172","from"
"4173","the"
"4174","section"
"4175","a"
"4176","priority"
"4177","list"
"4178","and"
"4179","subsequent"
"4180","regulation"
"4181","under"
"4182","various"
"4183","clean"
"4184","water"
"4185","act"
"4186","provisions"
"4187","the"
"4188","phthalate"
"4189","esters"
"4190","panel"
"4191","has"
"4192","been"
"4193","actively"
